link1,link2
https://www.edmunds.com/Toyota/Highlander/2009/features-specs/,https://www.edmunds.com/Toyota/Highlander/2009/review/
https://www.edmunds.com/Subaru/B9-Tribeca/2006/features-specs/,https://www.edmunds.com/Subaru/B9-Tribeca/2006/review/
https://www.edmunds.com/Toyota/Sienna/2013/features-specs/,https://www.edmunds.com/Toyota/Sienna/2013/review/
https://www.edmunds.com/Nissan/Pathfinder/1998/features-specs/,https://www.edmunds.com/Nissan/Pathfinder/1998/review/
https://www.edmunds.com/Nissan/Pickup/1996/features-specs/,https://www.edmunds.com/Nissan/Pickup/1996/review/
https://www.edmunds.com/Ford/Mustang/2006/features-specs/,https://www.edmunds.com/Ford/Mustang/2006/review/
https://www.edmunds.com/Mercedes-Benz/M-Class/2001/features-specs/,https://www.edmunds.com/Mercedes-Benz/M-Class/2001/review/
https://www.edmunds.com/Volkswagen/Golf/2016/features-specs/,https://www.edmunds.com/Volkswagen/Golf/2016/review/
https://www.edmunds.com/Chevrolet/Cruze/2012/features-specs/,https://www.edmunds.com/Chevrolet/Cruze/2012/review/
https://www.edmunds.com/Saturn/S-Series/1999/features-specs/,https://www.edmunds.com/Saturn/S-Series/1999/review/
https://www.edmunds.com/Chevrolet/Camaro/2014/features-specs/,https://www.edmunds.com/Chevrolet/Camaro/2014/review/
https://www.edmunds.com/Ford/Econoline/2000/features-specs/,https://www.edmunds.com/Ford/Econoline/2000/review/
https://www.edmunds.com/Dodge/Journey/2012/features-specs/,https://www.edmunds.com/Dodge/Journey/2012/review/
https://www.edmunds.com/Chevrolet/Silverado/2016/features-specs/,https://www.edmunds.com/Chevrolet/Silverado/2016/review/
https://www.edmunds.com/Honda/Odyssey/2003/features-specs/,https://www.edmunds.com/Honda/Odyssey/2003/review/
https://www.edmunds.com/Toyota/4Runner/2016/features-specs/,https://www.edmunds.com/Toyota/4Runner/2016/review/
https://www.edmunds.com/BMW/3-series/2008/features-specs/,https://www.edmunds.com/BMW/3-series/2008/review/
https://www.edmunds.com/Toyota/Previa/1993/features-specs/,https://www.edmunds.com/Toyota/Previa/1993/review/
https://www.edmunds.com/Plymouth/Voyager/1994/features-specs/,https://www.edmunds.com/Plymouth/Voyager/1994/review/
https://www.edmunds.com/Honda/Accord/1995/features-specs/,https://www.edmunds.com/Honda/Accord/1995/review/
https://www.edmunds.com/Motorcycle/Other/1999/features-specs/,https://www.edmunds.com/Motorcycle/Other/1999/review/
https://www.edmunds.com/Subaru/Forester/2004/features-specs/,https://www.edmunds.com/Subaru/Forester/2004/review/
https://www.edmunds.com/GMC/Other/1999/features-specs/,https://www.edmunds.com/GMC/Other/1999/review/
https://www.edmunds.com/BMW/5-series/1997/features-specs/,https://www.edmunds.com/BMW/5-series/1997/review/
https://www.edmunds.com/Ford/Excursion/2002/features-specs/,https://www.edmunds.com/Ford/Excursion/2002/review/
https://www.edmunds.com/Volkswagen/New-Beetle/2006/features-specs/,https://www.edmunds.com/Volkswagen/New-Beetle/2006/review/
https://www.edmunds.com/Toyota/4Runner/2004/features-specs/,https://www.edmunds.com/Toyota/4Runner/2004/review/
https://www.edmunds.com/Toyota/Camry/2001/features-specs/,https://www.edmunds.com/Toyota/Camry/2001/review/
https://www.edmunds.com/Scion/tC/2006/features-specs/,https://www.edmunds.com/Scion/tC/2006/review/
https://www.edmunds.com/Mazda/Other/2015/features-specs/,https://www.edmunds.com/Mazda/Other/2015/review/
https://www.edmunds.com/Jeep/Grand-Cherokee/2004/features-specs/,https://www.edmunds.com/Jeep/Grand-Cherokee/2004/review/
https://www.edmunds.com/Motorcycle/Other/2008/features-specs/,https://www.edmunds.com/Motorcycle/Other/2008/review/
https://www.edmunds.com/Chevrolet/Tracker/2001/features-specs/,https://www.edmunds.com/Chevrolet/Tracker/2001/review/
https://www.edmunds.com/Ford/Ranger/1995/features-specs/,https://www.edmunds.com/Ford/Ranger/1995/review/
https://www.edmunds.com/Motorcycle/Other/1984/features-specs/,https://www.edmunds.com/Motorcycle/Other/1984/review/
https://www.edmunds.com/Chevrolet/Colorado/2016/features-specs/,https://www.edmunds.com/Chevrolet/Colorado/2016/review/
https://www.edmunds.com/Lexus/ES-330/2004/features-specs/,https://www.edmunds.com/Lexus/ES-330/2004/review/
https://www.edmunds.com/Mitsubishi/3000GT/1996/features-specs/,https://www.edmunds.com/Mitsubishi/3000GT/1996/review/
https://www.edmunds.com/Chevrolet/Impala/2006/features-specs/,https://www.edmunds.com/Chevrolet/Impala/2006/review/
https://www.edmunds.com/Pontiac/Vibe/2004/features-specs/,https://www.edmunds.com/Pontiac/Vibe/2004/review/
https://www.edmunds.com/BMW/7-series/2005/features-specs/,https://www.edmunds.com/BMW/7-series/2005/review/
https://www.edmunds.com/Ford/F-150/2004/features-specs/,https://www.edmunds.com/Ford/F-150/2004/review/
https://www.edmunds.com/Honda/CR-V/2016/features-specs/,https://www.edmunds.com/Honda/CR-V/2016/review/
https://www.edmunds.com/Honda/Odyssey/2009/features-specs/,https://www.edmunds.com/Honda/Odyssey/2009/review/
https://www.edmunds.com/Toyota/Camry/1996/features-specs/,https://www.edmunds.com/Toyota/Camry/1996/review/
https://www.edmunds.com/Chevrolet/Suburban/2005/features-specs/,https://www.edmunds.com/Chevrolet/Suburban/2005/review/
https://www.edmunds.com/Toyota/Tacoma/2000/features-specs/,https://www.edmunds.com/Toyota/Tacoma/2000/review/
https://www.edmunds.com/Tesla/Model-S/2015/features-specs/,https://www.edmunds.com/Tesla/Model-S/2015/review/
https://www.edmunds.com/Saab/44444/2002/features-specs/,https://www.edmunds.com/Saab/44444/2002/review/
https://www.edmunds.com/Subaru/Forester/2007/features-specs/,https://www.edmunds.com/Subaru/Forester/2007/review/
https://www.edmunds.com/Toyota/Prius/2004/features-specs/,https://www.edmunds.com/Toyota/Prius/2004/review/
https://www.edmunds.com/Chevrolet/S10/1991/features-specs/,https://www.edmunds.com/Chevrolet/S10/1991/review/
https://www.edmunds.com/Toyota/Avalon/1997/features-specs/,https://www.edmunds.com/Toyota/Avalon/1997/review/
https://www.edmunds.com/Volvo/S60/2006/features-specs/,https://www.edmunds.com/Volvo/S60/2006/review/
https://www.edmunds.com/BMW/X5/2010/features-specs/,https://www.edmunds.com/BMW/X5/2010/review/
https://www.edmunds.com/Honda/Civic/1994/features-specs/,https://www.edmunds.com/Honda/Civic/1994/review/
https://www.edmunds.com/Ford/Focus/2007/features-specs/,https://www.edmunds.com/Ford/Focus/2007/review/
https://www.edmunds.com/Chrysler/Town-and-Country/1996/features-specs/,https://www.edmunds.com/Chrysler/Town-and-Country/1996/review/
https://www.edmunds.com/Ford/Expedition/2003/features-specs/,https://www.edmunds.com/Ford/Expedition/2003/review/
https://www.edmunds.com/Ford/Mustang/1995/features-specs/,https://www.edmunds.com/Ford/Mustang/1995/review/
https://www.edmunds.com/Hyundai/Elantra/2015/features-specs/,https://www.edmunds.com/Hyundai/Elantra/2015/review/
https://www.edmunds.com/Kia/Sedona/2012/features-specs/,https://www.edmunds.com/Kia/Sedona/2012/review/
https://www.edmunds.com/Ford/F-150/1994/features-specs/,https://www.edmunds.com/Ford/F-150/1994/review/
https://www.edmunds.com/Ford/Other/1994/features-specs/,https://www.edmunds.com/Ford/Other/1994/review/
https://www.edmunds.com/Subaru/Impreza/2007/features-specs/,https://www.edmunds.com/Subaru/Impreza/2007/review/
https://www.edmunds.com/Chevrolet/S10/2002/features-specs/,https://www.edmunds.com/Chevrolet/S10/2002/review/
https://www.edmunds.com/Toyota/Tacoma/1995/features-specs/,https://www.edmunds.com/Toyota/Tacoma/1995/review/
https://www.edmunds.com/Chevrolet/Silverado/2011/features-specs/,https://www.edmunds.com/Chevrolet/Silverado/2011/review/
https://www.edmunds.com/Chevrolet/Suburban/1996/features-specs/,https://www.edmunds.com/Chevrolet/Suburban/1996/review/
https://www.edmunds.com/Ford/Ranger/1994/features-specs/,https://www.edmunds.com/Ford/Ranger/1994/review/
https://www.edmunds.com/Toyota/Sienna/2005/features-specs/,https://www.edmunds.com/Toyota/Sienna/2005/review/
https://www.edmunds.com/Dodge/Grand-Caravan/2003/features-specs/,https://www.edmunds.com/Dodge/Grand-Caravan/2003/review/
https://www.edmunds.com/Ford/Mustang/2000/features-specs/,https://www.edmunds.com/Ford/Mustang/2000/review/
https://www.edmunds.com/Dodge/Ram-Pickup/1999/features-specs/,https://www.edmunds.com/Dodge/Ram-Pickup/1999/review/
https://www.edmunds.com/Honda/Accord/1994/features-specs/,https://www.edmunds.com/Honda/Accord/1994/review/
https://www.edmunds.com/Hyundai/Elantra/2009/features-specs/,https://www.edmunds.com/Hyundai/Elantra/2009/review/
https://www.edmunds.com/Motorcycle/Other/1980/features-specs/,https://www.edmunds.com/Motorcycle/Other/1980/review/
https://www.edmunds.com/Hyundai/Accent/2011/features-specs/,https://www.edmunds.com/Hyundai/Accent/2011/review/
https://www.edmunds.com/Ford/Fiesta/2016/features-specs/,https://www.edmunds.com/Ford/Fiesta/2016/review/
https://www.edmunds.com/Chevrolet/Cobalt/2007/features-specs/,https://www.edmunds.com/Chevrolet/Cobalt/2007/review/
https://www.edmunds.com/Acura/TSX/2005/features-specs/,https://www.edmunds.com/Acura/TSX/2005/review/
https://www.edmunds.com/Chevrolet/Silverado/2008/features-specs/,https://www.edmunds.com/Chevrolet/Silverado/2008/review/
https://www.edmunds.com/Ford/F-250/1997/features-specs/,https://www.edmunds.com/Ford/F-250/1997/review/
https://www.edmunds.com/Chevrolet/C1500/1997/features-specs/,https://www.edmunds.com/Chevrolet/C1500/1997/review/
https://www.edmunds.com/Honda/Other/2002/features-specs/,https://www.edmunds.com/Honda/Other/2002/review/
https://www.edmunds.com/Chevrolet/Step-Van/1996/features-specs/,https://www.edmunds.com/Chevrolet/Step-Van/1996/review/
https://www.edmunds.com/Toyota/Camry-Solara/1999/features-specs/,https://www.edmunds.com/Toyota/Camry-Solara/1999/review/
https://www.edmunds.com/Other/Other/2004/features-specs/,https://www.edmunds.com/Other/Other/2004/review/
https://www.edmunds.com/Volkswagen/Cabrio/2000/features-specs/,https://www.edmunds.com/Volkswagen/Cabrio/2000/review/
https://www.edmunds.com/BMW/7-series/2012/features-specs/,https://www.edmunds.com/BMW/7-series/2012/review/
https://www.edmunds.com/Toyota/Sienna/1999/features-specs/,https://www.edmunds.com/Toyota/Sienna/1999/review/
https://www.edmunds.com/Motorcycle/Other/2005/features-specs/,https://www.edmunds.com/Motorcycle/Other/2005/review/
https://www.edmunds.com/Mercedes-Benz/CLA-Class/2014/features-specs/,https://www.edmunds.com/Mercedes-Benz/CLA-Class/2014/review/
https://www.edmunds.com/Toyota/Prius/2014/features-specs/,https://www.edmunds.com/Toyota/Prius/2014/review/
https://www.edmunds.com/Toyota/4Runner/2001/features-specs/,https://www.edmunds.com/Toyota/4Runner/2001/review/
https://www.edmunds.com/Toyota/Camry/2003/features-specs/,https://www.edmunds.com/Toyota/Camry/2003/review/
https://www.edmunds.com/Mercury/Sable/1995/features-specs/,https://www.edmunds.com/Mercury/Sable/1995/review/
https://www.edmunds.com/Volvo/V70/2000/features-specs/,https://www.edmunds.com/Volvo/V70/2000/review/
https://www.edmunds.com/Infiniti/G37x/2013/features-specs/,https://www.edmunds.com/Infiniti/G37x/2013/review/
https://www.edmunds.com/Ford/Edge/2016/features-specs/,https://www.edmunds.com/Ford/Edge/2016/review/
https://www.edmunds.com/Audi/A4/2006/features-specs/,https://www.edmunds.com/Audi/A4/2006/review/
https://www.edmunds.com/Motorcycle/Other/1998/features-specs/,https://www.edmunds.com/Motorcycle/Other/1998/review/
https://www.edmunds.com/Volkswagen/Vanagon/1991/features-specs/,https://www.edmunds.com/Volkswagen/Vanagon/1991/review/
https://www.edmunds.com/Mazda/MX-5-Miata/2001/features-specs/,https://www.edmunds.com/Mazda/MX-5-Miata/2001/review/
https://www.edmunds.com/Dodge/Dakota/2009/features-specs/,https://www.edmunds.com/Dodge/Dakota/2009/review/
https://www.edmunds.com/Motorcycle/Other/2007/features-specs/,https://www.edmunds.com/Motorcycle/Other/2007/review/
https://www.edmunds.com/Kia/Sportage/2002/features-specs/,https://www.edmunds.com/Kia/Sportage/2002/review/
https://www.edmunds.com/Mitsubishi/Eclipse/2001/features-specs/,https://www.edmunds.com/Mitsubishi/Eclipse/2001/review/
https://www.edmunds.com/Mercedes-Benz/CLK-Class/2006/features-specs/,https://www.edmunds.com/Mercedes-Benz/CLK-Class/2006/review/
https://www.edmunds.com/BMW/3-series/1999/features-specs/,https://www.edmunds.com/BMW/3-series/1999/review/
https://www.edmunds.com/Ford/F-250/2006/features-specs/,https://www.edmunds.com/Ford/F-250/2006/review/
https://www.edmunds.com/Toyota/Corolla/2010/features-specs/,https://www.edmunds.com/Toyota/Corolla/2010/review/
https://www.edmunds.com/Toyota/Camry/2002/features-specs/,https://www.edmunds.com/Toyota/Camry/2002/review/
https://www.edmunds.com/Chevrolet/Suburban/1995/features-specs/,https://www.edmunds.com/Chevrolet/Suburban/1995/review/
https://www.edmunds.com/Ford/E-350/2004/features-specs/,https://www.edmunds.com/Ford/E-350/2004/review/
https://www.edmunds.com/Other/Other/1982/features-specs/,https://www.edmunds.com/Other/Other/1982/review/
https://www.edmunds.com/Motorcycle/Other/2016/features-specs/,https://www.edmunds.com/Motorcycle/Other/2016/review/
https://www.edmunds.com/Toyota/Prius-c/2015/features-specs/,https://www.edmunds.com/Toyota/Prius-c/2015/review/
https://www.edmunds.com/Kia/Optima/2015/features-specs/,https://www.edmunds.com/Kia/Optima/2015/review/
https://www.edmunds.com/Volkswagen/Golf/1997/features-specs/,https://www.edmunds.com/Volkswagen/Golf/1997/review/
https://www.edmunds.com/Jeep/Cherokee/1990/features-specs/,https://www.edmunds.com/Jeep/Cherokee/1990/review/
https://www.edmunds.com/Dodge/Ram-Pickup/1998/features-specs/,https://www.edmunds.com/Dodge/Ram-Pickup/1998/review/
https://www.edmunds.com/MINI/Cooper/2010/features-specs/,https://www.edmunds.com/MINI/Cooper/2010/review/
https://www.edmunds.com/Kia/Sedona/2011/features-specs/,https://www.edmunds.com/Kia/Sedona/2011/review/
https://www.edmunds.com/Other/Other/2007/features-specs/,https://www.edmunds.com/Other/Other/2007/review/
https://www.edmunds.com/Chevrolet/Other/1985/features-specs/,https://www.edmunds.com/Chevrolet/Other/1985/review/
https://www.edmunds.com/Volvo/S40/2005/features-specs/,https://www.edmunds.com/Volvo/S40/2005/review/
https://www.edmunds.com/Saturn/Ion/2003/features-specs/,https://www.edmunds.com/Saturn/Ion/2003/review/
https://www.edmunds.com/Ford/Transit-Connect/2013/features-specs/,https://www.edmunds.com/Ford/Transit-Connect/2013/review/
https://www.edmunds.com/Chevrolet/Blazer/1999/features-specs/,https://www.edmunds.com/Chevrolet/Blazer/1999/review/
https://www.edmunds.com/Hyundai/Sonata/2007/features-specs/,https://www.edmunds.com/Hyundai/Sonata/2007/review/
https://www.edmunds.com/Chevrolet/S10/1998/features-specs/,https://www.edmunds.com/Chevrolet/S10/1998/review/
https://www.edmunds.com/Volkswagen/Other/2014/features-specs/,https://www.edmunds.com/Volkswagen/Other/2014/review/
https://www.edmunds.com/Ford/F-150/2011/features-specs/,https://www.edmunds.com/Ford/F-150/2011/review/
https://www.edmunds.com/Chevrolet/Other/2000/features-specs/,https://www.edmunds.com/Chevrolet/Other/2000/review/
https://www.edmunds.com/Ford/F-350/2016/features-specs/,https://www.edmunds.com/Ford/F-350/2016/review/
https://www.edmunds.com/Acura/TL/2004/features-specs/,https://www.edmunds.com/Acura/TL/2004/review/
https://www.edmunds.com/Nissan/Maxima/1996/features-specs/,https://www.edmunds.com/Nissan/Maxima/1996/review/
https://www.edmunds.com/Chevrolet/C3500/1995/features-specs/,https://www.edmunds.com/Chevrolet/C3500/1995/review/
https://www.edmunds.com/Ford/F-250/1989/features-specs/,https://www.edmunds.com/Ford/F-250/1989/review/
https://www.edmunds.com/Lexus/LX-470/2004/features-specs/,https://www.edmunds.com/Lexus/LX-470/2004/review/
https://www.edmunds.com/Subaru/Outback/2016/features-specs/,https://www.edmunds.com/Subaru/Outback/2016/review/
https://www.edmunds.com/Nissan/Quest/1995/features-specs/,https://www.edmunds.com/Nissan/Quest/1995/review/
https://www.edmunds.com/Chevrolet/Classic/2005/features-specs/,https://www.edmunds.com/Chevrolet/Classic/2005/review/
https://www.edmunds.com/Buick/Regal/1987/features-specs/,https://www.edmunds.com/Buick/Regal/1987/review/
https://www.edmunds.com/GMC/Other/2006/features-specs/,https://www.edmunds.com/GMC/Other/2006/review/
https://www.edmunds.com/Other/Other/1995/features-specs/,https://www.edmunds.com/Other/Other/1995/review/
https://www.edmunds.com/Mitsubishi/Montero-Sport/2003/features-specs/,https://www.edmunds.com/Mitsubishi/Montero-Sport/2003/review/
https://www.edmunds.com/Mazda/MX-5-Miata/2013/features-specs/,https://www.edmunds.com/Mazda/MX-5-Miata/2013/review/
https://www.edmunds.com/Nissan/300ZX/1993/features-specs/,https://www.edmunds.com/Nissan/300ZX/1993/review/
https://www.edmunds.com/Pontiac/G6/2009/features-specs/,https://www.edmunds.com/Pontiac/G6/2009/review/
https://www.edmunds.com/Subaru/Impreza/2012/features-specs/,https://www.edmunds.com/Subaru/Impreza/2012/review/
https://www.edmunds.com/Volvo/S70/1998/features-specs/,https://www.edmunds.com/Volvo/S70/1998/review/
https://www.edmunds.com/GMC/Yukon-XL/2001/features-specs/,https://www.edmunds.com/GMC/Yukon-XL/2001/review/
https://www.edmunds.com/Ford/F-350/2009/features-specs/,https://www.edmunds.com/Ford/F-350/2009/review/
https://www.edmunds.com/Motorcycle/Other/2003/features-specs/,https://www.edmunds.com/Motorcycle/Other/2003/review/
https://www.edmunds.com/BMW/Z4/2005/features-specs/,https://www.edmunds.com/BMW/Z4/2005/review/
https://www.edmunds.com/Acura/NSX/1992/features-specs/,https://www.edmunds.com/Acura/NSX/1992/review/
https://www.edmunds.com/GMC/G1500-Rally/1989/features-specs/,https://www.edmunds.com/GMC/G1500-Rally/1989/review/
https://www.edmunds.com/Hyundai/Elantra/2005/features-specs/,https://www.edmunds.com/Hyundai/Elantra/2005/review/
https://www.edmunds.com/Other/Other/2015/features-specs/,https://www.edmunds.com/Other/Other/2015/review/
https://www.edmunds.com/Other/Other/2014/features-specs/,https://www.edmunds.com/Other/Other/2014/review/
https://www.edmunds.com/Volkswagen/Passat/2001/features-specs/,https://www.edmunds.com/Volkswagen/Passat/2001/review/
https://www.edmunds.com/Dodge/Grand-Caravan/2006/features-specs/,https://www.edmunds.com/Dodge/Grand-Caravan/2006/review/
https://www.edmunds.com/BMW/Other/1994/features-specs/,https://www.edmunds.com/BMW/Other/1994/review/
https://www.edmunds.com/Subaru/Impreza/2010/features-specs/,https://www.edmunds.com/Subaru/Impreza/2010/review/
https://www.edmunds.com/Audi/A8/2004/features-specs/,https://www.edmunds.com/Audi/A8/2004/review/
https://www.edmunds.com/Lexus/ES-350/2008/features-specs/,https://www.edmunds.com/Lexus/ES-350/2008/review/
https://www.edmunds.com/Ford/Econoline/1988/features-specs/,https://www.edmunds.com/Ford/Econoline/1988/review/
https://www.edmunds.com/Toyota/Prius/2011/features-specs/,https://www.edmunds.com/Toyota/Prius/2011/review/
https://www.edmunds.com/Other/Other/1999/features-specs/,https://www.edmunds.com/Other/Other/1999/review/
https://www.edmunds.com/BMW/5-series/2014/features-specs/,https://www.edmunds.com/BMW/5-series/2014/review/
https://www.edmunds.com/Dodge/Ram-Pickup/2007/features-specs/,https://www.edmunds.com/Dodge/Ram-Pickup/2007/review/
https://www.edmunds.com/Ford/F-250/1991/features-specs/,https://www.edmunds.com/Ford/F-250/1991/review/
https://www.edmunds.com/Ford/Mustang/2014/features-specs/,https://www.edmunds.com/Ford/Mustang/2014/review/
https://www.edmunds.com/Saturn/S-series/2000/features-specs/,https://www.edmunds.com/Saturn/S-series/2000/review/
https://www.edmunds.com/GMC/Envoy/2006/features-specs/,https://www.edmunds.com/GMC/Envoy/2006/review/
https://www.edmunds.com/Chevrolet/Camaro/1982/features-specs/,https://www.edmunds.com/Chevrolet/Camaro/1982/review/
https://www.edmunds.com/Other/Other/2017/features-specs/,https://www.edmunds.com/Other/Other/2017/review/
https://www.edmunds.com/Nissan/Altima/2010/features-specs/,https://www.edmunds.com/Nissan/Altima/2010/review/
https://www.edmunds.com/Nissan/Altima/2008/features-specs/,https://www.edmunds.com/Nissan/Altima/2008/review/
https://www.edmunds.com/GMC/Sierra/2002/features-specs/,https://www.edmunds.com/GMC/Sierra/2002/review/
https://www.edmunds.com/Audi/A4/2010/features-specs/,https://www.edmunds.com/Audi/A4/2010/review/
https://www.edmunds.com/Jeep/Cherokee/1992/features-specs/,https://www.edmunds.com/Jeep/Cherokee/1992/review/
https://www.edmunds.com/Honda/Accord/2014/features-specs/,https://www.edmunds.com/Honda/Accord/2014/review/
https://www.edmunds.com/Ford/Taurus/2003/features-specs/,https://www.edmunds.com/Ford/Taurus/2003/review/
https://www.edmunds.com/Dodge/Grand-Caravan/2000/features-specs/,https://www.edmunds.com/Dodge/Grand-Caravan/2000/review/
https://www.edmunds.com/Alfa/Romeo-Spider/1988/features-specs/,https://www.edmunds.com/Alfa/Romeo-Spider/1988/review/
https://www.edmunds.com/Subaru/Legacy/2016/features-specs/,https://www.edmunds.com/Subaru/Legacy/2016/review/
https://www.edmunds.com/Chevrolet/TrailBlazer/2002/features-specs/,https://www.edmunds.com/Chevrolet/TrailBlazer/2002/review/
https://www.edmunds.com/Chevrolet/Corvette/1992/features-specs/,https://www.edmunds.com/Chevrolet/Corvette/1992/review/
https://www.edmunds.com/Subaru/Impreza/1998/features-specs/,https://www.edmunds.com/Subaru/Impreza/1998/review/
https://www.edmunds.com/Ford/F-350/1994/features-specs/,https://www.edmunds.com/Ford/F-350/1994/review/
https://www.edmunds.com/Chevrolet/Corvette/1993/features-specs/,https://www.edmunds.com/Chevrolet/Corvette/1993/review/
https://www.edmunds.com/Land/Rover-LR4/2012/features-specs/,https://www.edmunds.com/Land/Rover-LR4/2012/review/
https://www.edmunds.com/Toyota/Camry/1999/features-specs/,https://www.edmunds.com/Toyota/Camry/1999/review/
https://www.edmunds.com/Motorcycle/Other/2017/features-specs/,https://www.edmunds.com/Motorcycle/Other/2017/review/
https://www.edmunds.com/Honda/Accord/1991/features-specs/,https://www.edmunds.com/Honda/Accord/1991/review/
https://www.edmunds.com/Motorcycle/Other/1991/features-specs/,https://www.edmunds.com/Motorcycle/Other/1991/review/
https://www.edmunds.com/Ford/F-350/2013/features-specs/,https://www.edmunds.com/Ford/F-350/2013/review/
https://www.edmunds.com/Toyota/Pickup/1987/features-specs/,https://www.edmunds.com/Toyota/Pickup/1987/review/
https://www.edmunds.com/Ford/F-350/2003/features-specs/,https://www.edmunds.com/Ford/F-350/2003/review/
https://www.edmunds.com/Chevrolet/Tahoe/2002/features-specs/,https://www.edmunds.com/Chevrolet/Tahoe/2002/review/
https://www.edmunds.com/Other/Other/2013/features-specs/,https://www.edmunds.com/Other/Other/2013/review/
https://www.edmunds.com/Subaru/Tribeca/2011/features-specs/,https://www.edmunds.com/Subaru/Tribeca/2011/review/
https://www.edmunds.com/Dodge/Dakota/2001/features-specs/,https://www.edmunds.com/Dodge/Dakota/2001/review/
https://www.edmunds.com/Ram/1500/2015/features-specs/,https://www.edmunds.com/Ram/1500/2015/review/
https://www.edmunds.com/Volkswagen/Cabriolet/1986/features-specs/,https://www.edmunds.com/Volkswagen/Cabriolet/1986/review/
https://www.edmunds.com/Honda/S2000/2007/features-specs/,https://www.edmunds.com/Honda/S2000/2007/review/
https://www.edmunds.com/Other/Other/2003/features-specs/,https://www.edmunds.com/Other/Other/2003/review/
https://www.edmunds.com/Ford/Other/2006/features-specs/,https://www.edmunds.com/Ford/Other/2006/review/
https://www.edmunds.com/Jeep/Wrangler/1993/features-specs/,https://www.edmunds.com/Jeep/Wrangler/1993/review/
https://www.edmunds.com/Nissan/LEAF/2013/features-specs/,https://www.edmunds.com/Nissan/LEAF/2013/review/
https://www.edmunds.com/Honda/Pilot/2004/features-specs/,https://www.edmunds.com/Honda/Pilot/2004/review/
https://www.edmunds.com/Ford/F-150/2014/features-specs/,https://www.edmunds.com/Ford/F-150/2014/review/
https://www.edmunds.com/Dodge/D150-Pickup/1990/features-specs/,https://www.edmunds.com/Dodge/D150-Pickup/1990/review/
https://www.edmunds.com/Other/Other/2005/features-specs/,https://www.edmunds.com/Other/Other/2005/review/
https://www.edmunds.com/Motorcycle/Other/2010/features-specs/,https://www.edmunds.com/Motorcycle/Other/2010/review/
https://www.edmunds.com/Motorcycle/Other/1995/features-specs/,https://www.edmunds.com/Motorcycle/Other/1995/review/
https://www.edmunds.com/Mitsubishi/Galant/2000/features-specs/,https://www.edmunds.com/Mitsubishi/Galant/2000/review/
https://www.edmunds.com/Mercedes-Benz/GL-Class/2007/features-specs/,https://www.edmunds.com/Mercedes-Benz/GL-Class/2007/review/
https://www.edmunds.com/Other/Other/2008/features-specs/,https://www.edmunds.com/Other/Other/2008/review/
https://www.edmunds.com/Motorcycle/Other/2004/features-specs/,https://www.edmunds.com/Motorcycle/Other/2004/review/
